incident_name,incident_is_final,incident_date_last_update,incident_date_created,incident_administrative_unit,incident_administrative_unit_url,incident_county,incident_location,incident_acres_burned,incident_containment,incident_control,incident_cooperating_agencies,incident_longitude,incident_latitude,incident_type,incident_id,incident_url,incident_date_extinguished,incident_dateonly_extinguished,incident_dateonly_created,is_active,calfire_incident,notification_desired,DayAirTmpAvg,DayPrecip,DayRelHumAvg,DaySoilTmpAvg,DayWindSpdAvg,DayAirTmpAvg,DayPrecip,DayRelHumAvg,DaySoilTmpAvg,DayWindSpdAvg
Stagecoach Fire,Y,2016-07-13T19:00:00Z,2016-07-12T15:19:00Z,CAL FIRE Tuolumne Calaveras Unit,,Calaveras,"off Stagecoach Rd and Hwy 4, south of Copperopolis",35.0,100.0,,CAL FIRE Tuolumne Calaveras Unit,-120.67335,37.96311,,eb9d05b5-7578-44bf-9eb1-3ddba425ff20,https://www.fire.ca.gov/incidents/2016/7/12/stagecoach-fire/,2016-07-13T19:00:00Z,2016-07-13,2016-07-12,N,True,False,,,,,,21.1,0.0,54.0,19.2,2.1
Cosgrove Fire,Y,2024-07-28T22:28:18Z,2024-07-27T14:49:12Z,CAL FIRE Tuolumne-Calaveras Unit,,Calaveras,"Cosgrove Creek Road and Paloma Road, Valley Springs ",12.0,100.0,,,-120.802822,38.222987,Wildfire,7f2f64d4-8a53-44a3-b2fd-043ce5857574,https://www.fire.ca.gov/incidents/2024/7/27/cosgrove-fire/,2024-07-28T22:26:34Z,2024-07-28,2024-07-27,N,True,False,,,,,,17.6,0.0,71.0,21.8,4.4
Baker Fire,Y,2016-07-22T19:00:00Z,2016-07-21T15:06:00Z,CAL FIRE Tuolumne-Calaveras Unit,,Calaveras,off Baker St & School St near Copperopolis ,57.0,100.0,,CAL FIRE Tuolumne-Calaveras Unit,-120.64241,37.98171,,2dae3029-2d17-445a-9fac-e95345b179e0,https://www.fire.ca.gov/incidents/2016/7/21/baker-fire/,2016-07-22T19:00:00Z,2016-07-22,2016-07-21,N,True,False,,,,,,20.0,0.0,55.0,19.9,3.0
Quail Fire,Y,2018-01-09T11:53:00Z,2017-07-12T13:10:00Z,CAL FIRE Tuolumne-Calaveras Unit,,Calaveras,Quail Oaks Rd. and Oak Hill Dr. near Valley Springs ,59.0,100.0,,CAL FIRE Tuolumne-Calaveras Unit,-120.85322,38.18303,,6f9581fa-7c8a-45d1-988d-0a299fc15d62,https://www.fire.ca.gov/incidents/2017/7/12/quail-fire/,2018-01-09T11:53:00Z,2018-01-09,2017-07-12,N,True,False,,,,,,21.7,0.0,58.0,21.6,2.0
Lime Fire,Y,2024-07-02T13:10:50Z,2024-06-28T10:45:41Z,CAL FIRE Tuolumne-Calaveras Unit,,Calaveras,"Highway 12 and Lime Creek Road, Valley Springs",27.0,100.0,,,-120.80076,38.197384,Wildfire,b12d1a65-9cf4-4706-af93-bed155dedb27,https://www.fire.ca.gov/incidents/2024/6/28/lime-fire/,,,2024-06-28,N,True,False,,,,,,23.4,0.0,46.0,19.0,2.2
Empire,Y,2024-06-27T08:33:38Z,2024-06-26T15:18:57Z,CAL FIRE Santa Clara Unit,,Contra Costa,"Empire Mine Rd and Deer Valley Rd, 3 miles west of Brentwood ",250.0,100.0,,,-121.777999,37.933129,Wildfire,57c216a3-72ab-4647-970a-163b1267b33a,https://www.fire.ca.gov/incidents/2024/6/26/empire/,,,2024-06-26,N,True,False,,,,,,23.2,0.0,44.0,23.1,2.2
Forest Fire,Y,2019-10-28T16:28:20Z,2019-10-27T17:36:15Z,Contra Costa Fire Department ,,Contra Costa,"Alhambra Ave and Alhambra Hills Dr, Martinez in Contra Costa County",50.0,100.0,,,-122.11092,37.97911,Wildfire,b36ed23e-a3de-4aff-bdbc-d6ebf8d8f077,https://www.fire.ca.gov/incidents/2019/10/27/forest-fire/,2019-10-28T16:26:00Z,2019-10-28,2019-10-27,N,False,False,,,,,,15.1,0.0,21.0,14.4,3.5
Sky Fire ,Y,2019-10-29T11:40:36Z,2019-10-27T11:29:03Z,"Unified Command: CAL FIRE Santa Clara Unit, Crockett Fire and Contra Costa Fire. ",,Contra Costa,"Commings Skyway and I-80, south of Crockett",150.0,100.0,,"Santa Clara Unit, Contra Costa Fire",-122.2241,38.03545,Wildfire,64104ca2-a187-4b11-bb43-e22253bbcb52,https://www.fire.ca.gov/incidents/2019/10/27/sky-fire/,2019-10-28T16:30:00Z,2019-10-28,2019-10-27,N,True,False,,,,,,15.1,0.0,21.0,14.4,3.5
Byron Fire,Y,2020-04-27T20:34:21Z,2020-04-27T14:59:04Z,Contra Costa Fire Protection District,,Contra Costa,"Byron Highway and Bruns Ave, southeast of Byron",47.0,100.0,,Contra Costa Fire Protection District,-121.595225,37.82066,Wildfire,18b88d88-2c76-41cb-9b07-5c9dda8f56d9,https://www.fire.ca.gov/incidents/2020/4/27/byron-fire/,2020-04-27T20:33:00Z,2020-04-27,2020-04-27,N,False,False,,,,,,22.1,0.0,37.0,20.2,2.8
Willow Fire ,Y,2020-06-07T07:55:42Z,2020-06-06T18:00:51Z,CALFIRE Santa Clara Unit ,,Contra Costa,"Willow Pass Court and Evora Road, Northeast of Concord",100.0,100.0,,,-122.002811,37.994368,Wildfire,b5527f83-ebbe-4b09-a701-4b4fe6d37b45,https://www.fire.ca.gov/incidents/2020/6/6/willow-fire/,2020-06-07T07:52:00Z,2020-06-07,2020-06-06,N,False,False,,,,,,14.5,2.8,66.0,20.2,2.9
Creek Fire,Y,2020-05-30T18:06:45Z,2020-05-30T17:48:59Z,CAL FIRE Santa Clara Unit,,Contra Costa,"Round Valley Regional Park,  southwest of  Brentwood in Contra Costa County",60.0,50.0,,,-86.8616,35.9994,Wildfire,0e1e69d4-cb59-4228-8c55-f18e6b5ad71c,https://www.fire.ca.gov/incidents/2020/5/30/creek-fire/,,,2020-05-30,N,True,False,,,,,,29.2,0.0,28.0,33.9,2.5
Cypress Complex,Y,2019-10-28T16:26:20Z,2019-10-27T08:50:23Z, East Contra Costa County Fire Protection District,,Contra Costa,"East Cypress Rd and Bethel Island Road, Knightsen, CA  ",200.0,100.0,,,-121.64118,37.99136,Wildfire,d299dec7-b09f-47f7-80c9-859ddd1ecef3,https://www.fire.ca.gov/incidents/2019/10/27/cypress-complex/,2019-10-28T16:26:00Z,2019-10-28,2019-10-27,N,False,False,,,,,,16.4,0.0,18.0,16.4,8.6
Armstrong Fire,Y,2024-09-04T21:44:24Z,2024-08-31T23:45:03Z,CAL FIRE Santa Clara Unit,,Contra Costa,"Armstrong Road & Falcon Way, Byron",20.0,100.0,,,-121.632921,37.838349,Wildfire,f54c82c5-4429-4709-8ab9-ddf874e851c2,https://www.fire.ca.gov/incidents/2024/8/31/armstrong-fire/,,,2024-08-31,N,True,False,,,,,,23.7,0.0,47.0,23.0,2.0
Kirker Fire,Y,2022-10-24T11:37:51Z,2013-07-01T13:19:00Z,CAL FIRE Santa Clara Unit,,Contra Costa,Kirker Pass Road south of Pittsburg,492.0,100.0,,CAL FIRE Santa Clara Unit,-121.91453,37.96866,,522114fe-ada8-49a9-9bb2-5891103ff0ca,https://www.fire.ca.gov/incidents/2013/7/1/kirker-fire/,2013-07-01T18:40:00Z,2013-07-01,2013-07-01,N,True,False,,,,,,24.9,0.0,51.0,23.6,1.8
Concord Fire,Y,2013-07-01T18:30:00Z,2013-07-01T15:41:00Z,CAL FIRE Santa Clara Unit,,Contra Costa,off Concord Ave & Vineyard Parkway in Brentwood,274.0,100.0,,CAL FIRE Santa Clara Unit,-121.74367,39.90465,,95399a9c-8b3e-4413-9f56-5ed57d3d81b3,https://www.fire.ca.gov/incidents/2013/7/1/concord-fire/,2013-07-01T18:30:00Z,2013-07-01,2013-07-01,N,True,False,,,,,,28.0,0.0,46.0,27.8,0.8
Merrill Fire,Y,2019-10-12T14:00:58Z,2019-10-10T06:42:19Z,City of Moraga,,Contra Costa,"Merrill Circle N and Merrill Dr, Moraga",40.0,100.0,,,-122.103867,37.828267,Wildfire,19578ef2-6101-45b0-a82e-db3004c3a8a5,https://www.fire.ca.gov/incidents/2019/10/10/merrill-fire/,2019-10-10T12:00:00Z,2019-10-10,2019-10-10,N,False,False,,,,,,13.9,0.0,27.0,15.6,0.4
Bruns Fire,Y,2024-08-15T04:55:26Z,2024-08-14T11:33:29Z,CAL FIRE Santa Clara Unit in unified command with Contra Costa Fire Protection District,,Contra Costa,"Bruns Road, South of Byron",25.0,100.0,,,-121.604861,37.809344,Wildfire,32a55d22-1435-4014-a3c9-9cdaaaadac9f,https://www.fire.ca.gov/incidents/2024/8/14/bruns-fire/,2024-08-14T00:00:00Z,2024-08-14,2024-08-14,N,True,False,,,,,,25.6,0.0,40.0,24.0,2.4
Nustar Fire,Y,2019-10-16T06:58:49Z,2019-10-15T16:17:18Z,CAL FIRE Santa Clara Unit,,Contra Costa,"San Pablo Ave and Cummings Skyway, Crockett",15.0,100.0,,,-122.245186,38.045866,Wildfire,0baff961-3ce3-45ec-80f1-a72957f2f3f4,https://www.fire.ca.gov/incidents/2019/10/15/nustar-fire/,,,2019-10-15,N,True,False,,,,,,12.5,0.0,72.0,15.1,1.1
Iron Fire,Y,2019-01-04T10:04:00Z,2018-06-19T15:19:00Z,Unified Command: CAL FIRE Santa Clara Unit and San Ramon Valley Fire Department,,Contra Costa," off Montbretia Way and Ironwood, East of San Ramon",40.0,100.0,,Unified Command: CAL FIRE Santa Clara Unit and San Ramon Valley Fire Department,-121.908976,37.779209,,2bee561f-fd8f-44ad-9c25-ccdc671029bc,https://www.fire.ca.gov/incidents/2018/6/19/iron-fire/,2019-01-04T10:04:00Z,2019-01-04,2018-06-19,N,True,False,,,,,,15.6,0.0,78.0,20.9,2.8
Holland Fire ,Y,2020-07-29T11:20:47Z,2020-07-20T18:04:37Z,East Contra Costa Fire Protection District,,Contra Costa,"Delta Rd and Holland Tract Rd, northeast of Brentwood",75.0,100.0,,East Contra Costa Fire Protection District,-121.620238,37.977309,Wildfire,cac8f4bf-d269-4f13-b59c-07670b34f81f,https://www.fire.ca.gov/incidents/2020/7/20/holland-fire/,2020-07-20T11:20:00Z,2020-07-20,2020-07-20,N,False,False,,,,,,22.6,0.0,58.0,26.1,1.9
Willow Fire,Y,2018-01-09T11:48:00Z,2017-07-08T15:26:00Z,CAL FIRE Santa Clara Unit,,Contra Costa,"Springwood Ct. & California St, Rodeo",370.0,100.0,,CAL FIRE Santa Clara Unit,-122.25544,38.02929,,2adaf964-e996-4e55-a616-ac42375ee156,https://www.fire.ca.gov/incidents/2017/7/8/willow-fire/,2018-01-09T11:48:00Z,2018-01-09,2017-07-08,N,True,False,,,,,,23.6,7.4,42.0,23.0,1.7
Deer Complex,Y,2018-01-09T11:48:00Z,2017-07-08T02:20:00Z,CAL FIRE Santa Clara Unit,,Contra Costa,"Deer Valley Road & Marsh Creek Road, west of Brentwood",231.0,100.0,,CAL FIRE Santa Clara Unit,-121.78677,37.87808,,248bba19-4fdf-4285-a210-1334454ad80a,https://www.fire.ca.gov/incidents/2017/7/8/deer-complex/,2018-01-09T11:48:00Z,2018-01-09,2017-07-08,N,True,False,,,,,,29.5,0.0,26.0,25.5,2.8
Vasco Fire,Y,2015-07-30T16:00:00Z,2015-07-30T11:18:00Z,CAL FIRE Santa Clara Unit,,Contra Costa,"Vasco Rd,  3 miles southwest of Byron",195.0,100.0,,CAL FIRE Santa Clara Unit,-121.68113,37.81629,,652938d9-2f23-41d8-a49c-30b218594762,https://www.fire.ca.gov/incidents/2015/7/30/vasco-fire/,2015-07-30T16:00:00Z,2015-07-30,2015-07-30,N,True,False,,,,,,26.7,1.5,47.0,24.8,2.0
Marsh Fire,Y,2019-10-25T09:49:20Z,2018-07-25T14:41:00Z,Unified Command: CAL FIRE Santa Clara Unit & East Contra Costa Fire,,Contra Costa,"Marsh Creek Rd and  Bragdon way, east of Mount Diablo ",247.0,100.0,,"Unified Command: CAL FIRE Santa Clara Unit & East Contra Costa Fire, East Contra Costa Fire Protection District, Contra Costa County Fire Protection District, East Bay Regional Parks, Moraga Orinda Fire Protection District, San Ramon Valley Fire Protection District, Contra Costa County Sheriffs Office, California Highway Patrol, Contra Costa County Animal Services, Alameda County Fire Department and Marin County Fire Department.",-121.85847,37.89612,Wildfire,df681456-a50e-4400-a95a-77533a0978ba,https://www.fire.ca.gov/incidents/2018/7/25/marsh-fire/,2019-01-04T09:34:00Z,2019-01-04,2018-07-25,N,True,False,,,,,,27.8,0.0,36.0,24.7,2.8
Morgan Fire,Y,2019-01-04T08:44:00Z,2018-11-15T13:31:00Z,CAL FIRE Santa Clara Unit,,Contra Costa,"Off Morgan Territory Rd & Storybook Ln, east of San Ramon",20.0,100.0,,CAL FIRE Santa Clara Unit,-121.7944,37.81111,,e83e7346-5b83-4e3a-845c-867fd84d17f0,https://www.fire.ca.gov/incidents/2018/11/15/morgan-fire/,2019-01-04T08:44:00Z,2019-01-04,2018-11-15,N,True,False,,,,,,7.6,0.0,50.0,9.1,1.2
Willow Fire,Y,2019-06-11T14:47:00Z,2019-06-06T14:24:00Z,CAL FIRE Santa Clara Unit,,Contra Costa,"Highway 4 and Willow Pass Rd, 2 miles west of Bay Point",23.0,100.0,,CAL FIRE Santa Clara Unit,-121.9763,38.02503,,2e71d51a-49f1-4e86-82e2-054637efd1a5,https://www.fire.ca.gov/incidents/2019/6/6/willow-fire/,2019-06-11T14:47:00Z,2019-06-11,2019-06-06,N,True,False,,,,,,14.3,0.0,76.0,20.6,3.1
Fish Fire,Y,2018-01-09T10:26:00Z,2017-06-05T13:17:00Z,CAL FIRE Santa Clara Unit,,Contra Costa,"Hwy 24, Orinda  ",20.0,100.0,,CAL FIRE Santa Clara Unit,-122.2102,37.86549,,304c7c4c-140e-40f4-ac9f-36926c07e5fc,https://www.fire.ca.gov/incidents/2017/6/5/fish-fire/,2018-01-09T10:26:00Z,2018-01-09,2017-06-05,N,True,False,,,,,,17.9,1.6,58.0,19.2,2.1
Marsh Fire,Y,2022-06-10T18:56:17Z,2022-06-09T14:21:00Z,"Unified Command: CAL FIRE, Contra Costa Fire Department ",,Contra Costa,"Marsh Creek Road and Walnut Boulevard, South of Brentwood in Contra Costa County",159.0,100.0,,,-121.696808,37.895892,Wildfire,d63827d6-1fa3-4a9d-8a21-a5d2549adc5a,https://www.fire.ca.gov/incidents/2022/6/9/marsh-fire/,,,2022-06-09,N,True,False,,,,,,26.0,0.0,38.0,24.0,2.6
Fellow Fire,Y,2019-07-08T07:51:17Z,2019-07-05T13:33:56Z,CAL FIRE Santa Clara Unit,,Contra Costa, Franklin Canyon Rd. ,24.0,100.0,,,-122.16201,37.99837,Wildfire,bc3e7037-5022-4e6a-8a1f-925c7e9aafc8,https://www.fire.ca.gov/incidents/2019/7/5/fellow-fire/,2019-07-05T14:58:00Z,2019-07-05,2019-07-05,N,True,False,,,,,,17.7,0.0,68.0,21.2,2.9
Alhambra Fire,Y,2019-01-04T09:17:00Z,2018-08-17T19:19:00Z,Contra Costa County Fire,,Contra Costa,"off Highway 4 and Alhambra Ave, Martinez",30.0,100.0,,Contra Costa County Fire,-122.14097,37.99618,,f012f0ea-4102-47dc-9c6d-609ebac85142,https://www.fire.ca.gov/incidents/2018/8/17/alhambra-fire/,2019-01-04T09:17:00Z,2019-01-04,2018-08-17,N,False,False,,,,,,20.3,0.0,46.0,21.7,1.8
Franklin Fire,Y,2016-07-24T19:00:00Z,2016-07-24T16:30:00Z,CAL FIRE Santa Clara Unit,,Contra Costa,"Cummings Skyway & Franklin Canyon, 6 miles southeast of Rodeo",40.0,100.0,,CAL FIRE Santa Clara Unit,-122.1885,38.01264,,416155ea-f8ff-43cf-abf0-e888584bf5bc,https://www.fire.ca.gov/incidents/2016/7/24/franklin-fire/,2016-07-24T19:00:00Z,2016-07-24,2016-07-24,N,True,False,,,,,,21.2,2.4,54.0,21.0,2.3
Bruce Fire,Y,2019-01-04T09:53:00Z,2018-07-08T16:45:00Z,CAL FIRE Santa Clara Unit,,Contra Costa,"off Bruce Lane and Joseph Lane, east of San Ramon",56.0,100.0,,CAL FIRE Santa Clara Unit,-121.85311,37.79718,,7e24911d-5dc9-4449-ba08-f718c094ac9e,https://www.fire.ca.gov/incidents/2018/7/8/bruce-fire/,2019-01-04T09:53:00Z,2019-01-04,2018-07-08,N,True,False,,,,,,24.8,1.3,35.0,23.9,1.9
Willow Fire,Y,2024-09-15T12:27:49Z,2024-09-11T13:19:00Z,Contra Costa County Fire Protection District,,Contra Costa,"Willow Pass Road and Avila Road, North of Concord",62.0,100.0,,,-121.997014,38.0115396,Wildfire,70f3bd6a-1888-4eb7-8a88-db21c81ba049,https://www.fire.ca.gov/incidents/2024/9/11/willow-fire/,2024-09-11T20:29:00Z,2024-09-11,2024-09-11,N,True,False,,,,,,17.6,23.8,69.0,18.4,3.1
Marsh Fire,Y,2014-07-12T18:00:00Z,2014-07-11T21:57:00Z,CAL FIRE Santa Clara Unit,,Contra Costa,"off Marsh Creek Rd., near Aspara Drive, east of Clayton",80.0,100.0,,CAL FIRE Santa Clara Unit,-121.5118,37.5359,,dc1a83b0-500c-440f-85d7-7090884f5487,https://www.fire.ca.gov/incidents/2014/7/11/marsh-fire/,2014-07-12T18:00:00Z,2014-07-12,2014-07-11,N,True,False,,,,,,20.9,0.0,62.0,22.8,2.8
Diablo Fire,Y,2021-07-11T16:22:34Z,2021-07-11T09:22:05Z,CAL FIRE Contra Costa-Alameda-Santa Clara unit,,Contra Costa,"Vasco Road and Camino Diablo, south of Byron in Contra Costa County.",128.0,100.0,,,-121.667665,37.865193,Wildfire,215529d8-6c0a-4dfa-8d6f-342a5666e1f2,https://www.fire.ca.gov/incidents/2021/7/11/diablo-fire/,2021-07-11T16:22:18Z,2021-07-11,2021-07-11,N,True,False,,,,,,26.6,0.0,45.0,,2.0
Buckingham Fire,Y,2019-01-04T09:57:00Z,2018-07-02T14:25:00Z,Moraga-Olinda Fire District ,,Contra Costa,"Buckingham Dr and Moraga Rd, southwest of Walnut Creek ",45.0,100.0,,Moraga-Olinda Fire District ,-122.12351,37.86339,,f7bacdf4-ba33-436a-ad94-549395286fc2,https://www.fire.ca.gov/incidents/2018/7/2/buckingham-fire/,2019-01-04T09:57:00Z,2019-01-04,2018-07-02,N,False,False,,,,,,15.5,1.5,82.0,21.2,1.9
Balfour Fire,Y,2023-06-29T19:15:06Z,2023-06-25T13:20:00Z,"CAL FIRE Santa Clara Unit
and Contra Costa County Fire Protection District",,Contra Costa,Deer Valley Road and Balfour Road in Contra Costa County,74.0,100.0,,,-121.7676,37.9143,Wildfire,fa24f204-d45e-479f-8437-4ce009874df9,https://www.fire.ca.gov/incidents/2023/6/25/balfour-fire/,2023-06-25T14:30:00Z,2023-06-25,2023-06-25,N,False,False,,,,,,17.5,0.0,64.0,20.2,2.1
Willow Fire,Y,2019-01-04T10:05:00Z,2018-06-16T15:10:00Z,CAL FIRE Santa Clara Unit,,Contra Costa,"off Willow Pass Road at Evora Road, Baypoint",25.0,100.0,,CAL FIRE Santa Clara Unit,-121.998967,38.015323,,0ffbb118-8070-4220-95a7-cdef27b0a7ae,https://www.fire.ca.gov/incidents/2018/6/16/willow-fire/,2019-01-04T10:05:00Z,2019-01-04,2018-06-16,N,True,False,,,,,,14.5,1.5,76.0,20.5,3.0
Valley Fire,Y,2019-01-04T09:58:00Z,2018-06-29T16:06:00Z,Unified Command: CAL FIRE and Contra Costa County Fire Department,,Contra Costa,"Ygnaciao Valley Road and Cowell Road, Concord",268.0,100.0,,Unified Command: CAL FIRE and Contra Costa County Fire Department,-121.9921,37.94714,,53770321-4d20-4db9-bfad-754f9eeabc2b,https://www.fire.ca.gov/incidents/2018/6/29/valley-fire/,2019-01-04T09:58:00Z,2019-01-04,2018-06-29,N,True,False,,,,,,20.0,0.0,57.0,20.7,2.2
Glen Fire,Y,2019-01-04T10:19:00Z,2018-06-02T12:42:00Z,CAL FIRE Santa Clara Unit,,Contra Costa,Glen Canyon Circle and  Chaparral Drive  SE of Pittsburg,23.0,100.0,,CAL FIRE Santa Clara Unit,-121.86473,37.99113,,abe0e447-8977-406f-9e13-5514f4e954bc,https://www.fire.ca.gov/incidents/2018/6/2/glen-fire/,2019-01-04T10:19:00Z,2019-01-04,2018-06-02,N,True,False,,,,,,24.6,0.0,41.0,22.7,1.6
California Fire,Y,2020-07-08T07:07:14Z,2020-07-06T15:32:26Z,CAL FIRE Santa Clara Unit,,Contra Costa,California Street and Springwood Street. East of Rodeo,298.0,100.0,,,-122.25471,38.02996,Wildfire,fc988bbb-4f93-478d-8a6c-b1be51d436c7,https://www.fire.ca.gov/incidents/2020/7/6/california-fire/,,,2020-07-06,N,True,False,,,,,,16.3,4.8,68.0,21.4,3.3
Morgan Fire,Y,2013-09-14T17:30:00Z,2013-09-08T13:08:00Z,CAL FIRE Santa-Clara Unit,,Contra Costa,"off Morgan Territory Road, Southeast of Clayton",3111.0,100.0,,"CAL FIRE Santa-Clara Unit, CAL FIRE, East Contra Costa Fire Protection District, Contra Costa Fire Protection District, San Ramon Valley Fire, East Bay Regional Parks, CALOES, CDCR, California State Parks, California Highway Patorl, CalTrans, Contra Costa County Sheriff's Department, Contra Costa Public Works, Clayton PD, PG&E, America Red Cross and the Salvation Army.",-121.882582,37.90757,,e33b2d80-7fec-4470-9e79-440d349b0d95,https://www.fire.ca.gov/incidents/2013/9/8/morgan-fire/,2013-09-14T17:30:00Z,2013-09-14,2013-09-08,N,True,False,,,,,,22.3,0.0,49.0,21.8,1.1
Scenic Fire ,Y,2022-06-25T19:31:21Z,2022-06-23T14:37:00Z,CAL FIRE Santa Clara Unit ,,Contra Costa,"Carquinez Scenic Dr and Canyon Lake Dr,  east of Crokett",120.0,100.0,,,-122.191103,38.046255,Wildfire,5fa0ad1e-4624-4257-bb31-3eb5af1e6116,https://www.fire.ca.gov/incidents/2022/6/23/scenic-fire/,,,2022-06-23,N,True,False,,,,,,22.8,0.0,41.0,21.3,1.7
John Fire,Y,2024-06-12T14:47:08Z,2024-06-09T17:14:18Z,CAL FIRE Santa Clara Unit,,Contra Costa,"John Henry Johnson Parkway, Pittsburg",55.0,100.0,,,-121.91945,38.00994,Wildfire,32d9aad1-a755-4e28-8697-c593e45472b8,https://www.fire.ca.gov/incidents/2024/6/9/john-fire/,,,2024-06-09,N,False,False,,,,,,,0.0,,,4.2
Irvine Fire,Y,2020-10-12T06:12:20Z,2020-10-11T18:04:00Z,CALFIRE/ Santa Clara Unit,,Contra Costa,Irvine Drive in Moraga ,30.0,100.0,,,-122.104314,37.821737,Wildfire,65b0ce28-b5e6-4dfc-b569-96716e556c90,https://www.fire.ca.gov/incidents/2020/10/11/irvine-fire/,2020-10-12T00:00:00Z,2020-10-12,2020-10-11,N,True,False,,,,,,16.4,0.0,59.0,18.9,1.3
Willow Fire ,Y,2022-05-20T18:42:51Z,2022-05-20T12:08:00Z,CAL FIRE Santa Clara ,,Contra Costa,"Willow Pass Court and Willow Pass Road, near Bay Point",28.0,100.0,,,-121.998735,38.015611,Wildfire,b211e55a-9b50-4e22-b014-55a6e4b27001,https://www.fire.ca.gov/incidents/2022/5/20/willow-fire/,,,2022-05-20,N,True,False,,,,,,16.6,0.0,,18.4,2.3
Sellers Fire,Y,2019-09-26T14:48:05Z,2019-08-07T15:13:52Z,East Contra Costa Fire Protection District,,Contra Costa,"Sellers Ave and Delta Rd, 2 miles northeast of Brentwood",58.0,100.0,Forward spread has been stopped. Crews will continue with mop up operations to establish full containment.,East Contra Costa Fire Protection District,-121.678172,37.968494,Wildfire,e338f506-b9fa-44c0-ae64-324ed0e590d4,https://www.fire.ca.gov/incidents/2019/8/7/sellers-fire/,,,2019-08-07,N,False,False,,,,,,23.7,0.0,47.0,23.7,2.4
Marsh Complex,Y,2022-10-21T13:52:48Z,2019-08-03T08:16:00Z,Unified Command: CAL FIRE Santa Clara Unit and East Contra Costa Fire Protection District,,Contra Costa,"Marsh Creek Rd and Morgan Territory Rd, southwest of Brentwood",340.0,100.0,,,-121.872941,37.908362,Wildfire,1f576988-2ad0-4a7b-afed-f650caafc579,https://www.fire.ca.gov/incidents/2019/8/3/marsh-complex/,2019-08-06T18:42:00Z,2019-08-06,2019-08-03,N,True,False,,,,,,,,,,
Kirker Fire ,Y,2022-06-24T20:00:57Z,2022-06-24T12:20:00Z,CAL FIRE Santa Clara Unit ,,Contra Costa,"Kirker Pass Rd and Black Diamond Trail, northeast of Clayton",90.0,100.0,,,-121.908735,37.97689,Wildfire,88867d1f-eb64-4966-b86d-115c913cae39,https://www.fire.ca.gov/incidents/2022/6/24/kirker-fire/,2022-06-24T17:20:49Z,2022-06-24,2022-06-24,N,True,False,,,,,,21.9,0.0,43.0,21.3,2.0
Marble Fire,Y,2018-01-09T12:01:00Z,2017-07-19T14:00:00Z,USFS - Six Rivers National Forest,,Del Norte,"Orleans Rd, Six River National Forest",319.0,100.0,,USFS - Six Rivers National Forest,-123.506,41.478,,be5275b7-1472-4423-a9c8-0f2491179150,https://www.fire.ca.gov/incidents/2017/7/19/marble-fire/,2018-01-09T12:01:00Z,2018-01-09,2017-07-19,N,False,False,,,,,,18.4,0.0,43.0,21.3,2.3
Shore Fire,Y,2018-01-09T11:08:00Z,2017-06-26T21:30:00Z,CAL FIRE Humboldt-Del Norte Unit,,Del Norte,"in Tolowa Dunes State Park, 3 miles west of Smith River (Del Norte County)",28.0,100.0,,CAL FIRE Humboldt-Del Norte Unit,-124.19629,41.93323,,2c00a509-af87-418f-b888-edc8ec450f1f,https://www.fire.ca.gov/incidents/2017/6/26/shore-fire/,2018-01-09T11:08:00Z,2018-01-09,2017-06-26,N,True,False,,,,,,18.7,0.0,47.0,19.6,2.4
Old Fire,Y,2016-09-17T18:00:00Z,2016-09-13T13:55:00Z,Stanislaus National Forest,,Del Norte,"off Old Yosemite Rd, 8 miles east of Greeley Hill",150.0,100.0,,Stanislaus National Forest,-120.029626,37.75972,,f66ae0d0-837d-4ea9-a7ed-6a78d9bde940,https://www.fire.ca.gov/incidents/2016/9/13/old-fire/,2016-09-17T18:00:00Z,2016-09-17,2016-09-13,N,False,False,,,,,,,,,,
Smith River Complex,Y,2023-12-05T14:30:00Z,2023-08-15T07:00:00Z,Six Rivers National Forest,,Del Norte,"South of the Oregon border, northeast of High Plateau Mountain",95107.0,100.0,,,-123.868447,41.958269,Wildfire,d9e259d7-24d5-4e15-b9df-0c23fac25f9c,https://www.fire.ca.gov/incidents/2023/8/15/smith-river-complex/,2023-11-17T18:00:00Z,2023-11-17,2023-08-15,N,False,False,,,,,,24.2,0.0,40.0,19.5,1.6
Hole Fire,Y,2018-01-09T13:20:00Z,2017-09-12T12:45:00Z,Six Rivers National Forest,,Del Norte,"off Low Divide Rd, west of Rockland",40.0,100.0,,Six Rivers National Forest,-124.01168,41.98128,,59d6fc84-0d58-4e29-b910-1993dba51b3a,https://www.fire.ca.gov/incidents/2017/9/12/hole-fire/,2018-01-09T13:20:00Z,2018-01-09,2017-09-12,N,False,False,,,,,,16.8,1.4,69.0,19.3,1.6
French Fire,Y,2018-01-09T13:21:00Z,2017-09-17T15:18:00Z,CAL FIRE Amador-El Dorado Unit,,El Dorado,"off French Creek Rd near Bonnetti Rd, south of the community of Shingle Springs",136.0,100.0,,"CAL FIRE Amador-El Dorado Unit, CAL FIRE, El Dorado Hills Fire, Garden Valley Fire, Georgetown Fire, Rescue Fire",-120.915,38.5758,,f7a51800-b219-428c-aef0-ee5fa5de4d64,https://www.fire.ca.gov/incidents/2017/9/17/french-fire/,2018-01-09T13:21:00Z,2018-01-09,2017-09-17,N,True,False,,,,,,19.8,0.0,38.0,18.5,2.4
Chaparral Fire,Y,2019-09-30T09:21:49Z,2019-09-29T21:44:45Z,CAL FIRE Amador-El Dorado,,El Dorado,Chaparral Drive and Latrobe Road in Latrobe,22.0,100.0,,Amador Eldorado Unit,-120.965105,38.538467,Wildfire,48f89096-4641-42cc-8ec4-9cba635e79a1,https://www.fire.ca.gov/incidents/2019/9/29/chaparral-fire/,2019-09-29T21:35:00Z,2019-09-29,2019-09-29,N,True,False,,,,,,9.3,0.0,70.0,16.2,2.6
Table Fire,Y,2018-01-09T13:36:00Z,2017-10-13T13:16:00Z,USFS - El Dorado National Forest,,El Dorado,3 miles northeast of Ice House Reservoir,426.0,100.0,,USFS - El Dorado National Forest,-120.287,38.848,,2725461a-6ad1-43fd-8b83-5e219df4d558,https://www.fire.ca.gov/incidents/2017/10/13/table-fire/,2018-01-09T13:36:00Z,2018-01-09,2017-10-13,N,False,False,,,,,,13.8,0.0,22.0,14.3,2.4
Holiday Fire,Y,2019-07-09T13:54:06Z,2017-12-28T20:51:00Z,Bureau of Indian Affairs,,El Dorado,"off Hwy 395, south of Gardnerville in Nevada",80.0,100.0,,Bureau of Indian Affairs,-119.61865,38.869036,Wildfire,d20645f2-81b9-450f-abc1-433b81bd7fea,https://www.fire.ca.gov/incidents/2017/12/28/holiday-fire/,2018-01-09T13:49:00Z,2018-01-09,2017-12-28,N,False,False,,,,,,11.2,0.0,35.0,8.7,2.0
Union Fire,Y,2013-08-16T17:55:00Z,2013-08-16T13:55:00Z,CAL FIRE Amador-El Dorado Unit,,El Dorado,"off Koki Ln and Pleasant Valley Rd, northwest of Diamond Springs",116.0,100.0,,CAL FIRE Amador-El Dorado Unit,-120.839075,38.682378,,db009f8f-8b9d-44bb-a3f6-83f319c84d72,https://www.fire.ca.gov/incidents/2013/8/16/union-fire/,2013-08-16T17:55:00Z,2013-08-16,2013-08-16,N,True,False,,,,,,28.3,0.0,19.0,18.5,2.8
Shingle Fire,Y,2019-01-04T09:56:00Z,2018-07-04T17:09:00Z,CAL FIRE Amador-El Dorado Unit,,El Dorado,"off South Shingle Road and Latrobe Road, west of Latrobe",316.0,100.0,,CAL FIRE Amador-El Dorado Unit,-121.059979,38.539806,,29a5f777-bea5-411e-9139-fe0d094616b0,https://www.fire.ca.gov/incidents/2018/7/4/shingle-fire/,2019-01-04T09:56:00Z,2019-01-04,2018-07-04,N,True,False,,,,,,20.8,0.0,54.0,19.2,2.2
Pay Fire,Y,2024-07-11T11:53:40Z,2024-07-06T14:08:27Z,CAL FIRE Amador-El Dorado Unit,,El Dorado,"Paydirt Drive, near Placerville",77.0,100.0,,,-120.7549,38.7231,Wildfire,e99e51fc-7eb4-40eb-82a0-22bc6989543f,https://www.fire.ca.gov/incidents/2024/7/6/pay-fire/,,,2024-07-06,N,True,False,,,,,,36.3,0.0,,24.4,2.3
Ice Fire,Y,2018-01-09T13:35:00Z,2017-10-10T15:36:00Z,USFS - El Dorado National Forest,,El Dorado,"off Ice House Road and US-50, east of Riverton, 13 miles east of Camino",29.0,100.0,,USFS - El Dorado National Forest,-120.46234,38.77921,,0e9f14ae-01d5-4fbe-85a0-d0967233dc90,https://www.fire.ca.gov/incidents/2017/10/10/ice-fire/,2018-01-09T13:35:00Z,2018-01-09,2017-10-10,N,False,False,,,,,,16.8,0.0,22.0,15.3,2.9
Bumper Fire,Y,2019-01-04T09:28:00Z,2018-08-01T13:57:00Z,CAL FIRE Amador - El Dorado Unit,,El Dorado,"Bumper Rd & China Hill Rd, east of Frenchtown",67.0,100.0,,"CAL FIRE Amador - El Dorado Unit, El Dorado County Sheriff’s Office, El Dorado County Fire, US Forest Service, Diamond Springs Fire, CHP, PG&E, Santa Barbara County Fire, El Dorado County Animal Control.",-120.874167,38.645,,d8de1c4a-9b2c-46ad-aab4-3b2012571e4a,https://www.fire.ca.gov/incidents/2018/8/1/bumper-fire/,2019-01-04T09:28:00Z,2019-01-04,2018-08-01,N,True,False,,,,,,28.5,0.0,30.0,21.4,2.5
Rosado Fire,Y,2018-01-09T11:53:00Z,2017-07-12T13:51:00Z,CAL FIRE Amador-El Dorado Unit,,El Dorado,"off Rosado Rd, El Dorado Hills ",13.0,100.0,,CAL FIRE Amador-El Dorado Unit,-121.06088,38.67474,,fd82cbd0-ec25-461c-aef1-4c0c92060348,https://www.fire.ca.gov/incidents/2017/7/12/rosado-fire/,2018-01-09T11:53:00Z,2018-01-09,2017-07-12,N,True,False,,,,,,25.9,0.0,28.0,19.2,2.5
Omega Fire,Y,2019-10-25T10:09:32Z,2018-08-01T14:40:00Z,CAL FIRE Amador - El Dorado Unit,,El Dorado,"off Omega Lane and Alpha Circle, west of Pilot Hill",66.0,100.0,,"CAL FIRE Amador - El Dorado Unit, ESDO, CHP, Cosumnes FD, Sac Metro, Folsom FD, Sac City FD, Santa Barbara FD, Garden Valley FD, Georgetown FD, El Dorado County FD, Wilton FD, Rescue FD, El Dorado Hills FD, Diamond Springs FD, AFPD, USFS, PG&E",-121.03918,38.82128,Wildfire,6e4ecf7a-2864-4fc6-85cb-9b2a0ac324df,https://www.fire.ca.gov/incidents/2018/8/1/omega-fire/,2019-01-04T09:27:00Z,2019-01-04,2018-08-01,N,True,False,,,,,,28.5,0.0,30.0,21.4,2.5
Bell Fire,Y,2024-09-15T23:54:10Z,2024-09-14T16:32:28Z,CAL FIRE Amador-El Dorado Unit,,El Dorado,"East of Highway 49, north of the Amador/El Dorado County line in El Dorado County",12.0,100.0,,,-120.840433,38.545436,Wildfire,47f8f0a7-6f42-4979-8030-0b0b6c60a9f4,https://www.fire.ca.gov/incidents/2024/9/14/bell-fire/,,,2024-09-14,N,True,False,,,,,,25.7,0.0,34.0,21.9,2.6
Crozier Fire,Y,2024-09-11T15:59:42Z,2024-09-09T09:12:28Z,El Dorado National Forest,,El Dorado,Northwest of Slate Mountain,1960.0,100.0,,,-120.6975,38.82889,Wildfire,fff641dd-ef49-4e70-b423-e93ff0735437,https://www.fire.ca.gov/incidents/2024/9/9/crozier-fire/,,,2024-09-09,N,False,False,,,,,,28.9,0.0,25.0,22.9,3.3
Steins Fire,Y,2021-06-27T16:52:41Z,2021-06-26T13:05:41Z,CAL FIRE/ Amador-El Dorado Unit,,El Dorado,Kingvale Rd and Wildcrest Rd,11.0,100.0,,,-120.876096,38.659971,Wildfire,b3136d0f-6ef3-46ea-9342-6d6b0d82d274,https://www.fire.ca.gov/incidents/2021/6/26/steins-fire/,2021-06-27T15:35:26Z,2021-06-27,2021-06-26,N,True,False,,,,,,31.1,0.0,40.0,20.5,2.2
Country Fire,Y,2019-09-08T18:11:21Z,2019-09-03T14:57:31Z,CAL FIRE Amador - El Dorado Unit,,El Dorado,"Highway 193 and Penobscot Rd, east of Cool",85.0,100.0,,El Dorado County Sheriff's Office,-120.946657,38.898915,Wildfire,89008310-149d-480f-946f-4ce5a2a71c3f,https://www.fire.ca.gov/incidents/2019/9/3/country-fire/,2019-09-06T07:24:00Z,2019-09-06,2019-09-03,N,True,False,,,,,,29.8,0.0,36.0,20.1,2.2
Empire Fire,Y,2013-08-24T11:45:00Z,2013-08-24T14:54:00Z,CAL FIRE Amador-El Dorado Unit,,El Dorado,off Hwy 193 & Empire Creek Cir near Georgetown,38.0,100.0,,CAL FIRE Amador-El Dorado Unit,-120.84716,38.89555,,fea7802f-ba70-450a-9ad1-96e2751293a9,https://www.fire.ca.gov/incidents/2013/8/24/empire-fire/,2013-08-24T11:45:00Z,2013-08-24,2013-08-24,N,True,False,,,,,,21.2,0.0,37.0,18.9,3.1
Patterson Fire,Y,2019-08-17T10:36:30Z,2019-08-15T17:47:43Z,CAL FIRE Amador-El Dorado Unit,,El Dorado,"Patterson Drive, south of Placerville",35.0,100.0,All evacuation orders have been lifted.,,-120.826165,38.652475,Wildfire,2760040b-e17b-430f-b581-a81694b450ac,https://www.fire.ca.gov/incidents/2019/8/15/patterson-fire/,2019-08-16T10:35:00Z,2019-08-16,2019-08-15,N,True,False,,,,,,31.0,0.0,30.0,19.8,2.3
Caples Fire,Y,2019-11-01T14:16:21Z,2019-10-11T12:47:59Z,USFS El Dorado National Forest,,El Dorado,Northern ridge above Caples Creek north of Highway 88,3435.0,100.0,,USFS El Dorado National Forest,-120.145,38.724,Wildfire,451c3012-2831-44c1-8fc7-146fd02d2ce0,https://www.fire.ca.gov/incidents/2019/10/11/caples-fire/,,,2019-10-11,N,False,False,,,,,,17.9,0.0,32.0,14.3,2.3
Greenstone Fire ,Y,2019-08-15T09:57:06Z,2019-08-14T16:07:49Z,CAL FIRE Amador El Dorado Unit ,,El Dorado,Off of Greenstone Road and Buck Mountain Road ,16.0,100.0,Fire fighters have made great progress and gained full containment of the fire. Fire crews will continue to patrol the area and mop up any hot spots throughout the evening. Total acreage reduced to 16 due to more accurate mapping.,,-120.890556,38.703889,Wildfire,22c3cb30-55b1-4fcd-9606-6a0dcedce4ef,https://www.fire.ca.gov/incidents/2019/8/14/greenstone-fire/,2019-08-14T18:52:00Z,2019-08-14,2019-08-14,N,True,False,,,,,,29.8,0.0,33.0,19.6,2.3
Bible Fire,Y,2014-07-09T16:45:00Z,2014-07-09T14:34:00Z,CAL FIRE Amador-El Dorado Unit,,El Dorado,"off Mt Aukum Rd, Somerset ",30.0,100.0,,CAL FIRE Amador-El Dorado Unit,-120.703238,38.608336,,da607cd1-32fc-44c0-bd7a-ba14ad0a14cc,https://www.fire.ca.gov/incidents/2014/7/9/bible-fire/,2014-07-09T16:45:00Z,2014-07-09,2014-07-09,N,True,False,,,,,,26.6,0.0,29.0,20.7,2.6
Carson Fire,Y,2019-08-02T12:57:57Z,2019-07-30T19:27:46Z,CAL FIRE Amador-El Dorado Unit,,El Dorado,"Northeast of Placerville in the community of Camino, off of Shadow Ridge Road",13.0,100.0,,,-120.75664,38.757636,Wildfire,6ac64fee-1420-420c-bff1-1d4908b059be,https://www.fire.ca.gov/incidents/2019/7/30/carson-fire/,2019-07-31T06:47:00Z,2019-07-31,2019-07-30,N,True,False,,,,,,26.6,0.0,33.0,20.1,2.1
Storksbill Fire,Y,2016-07-23T18:00:00Z,2016-07-22T13:15:00Z,CAL FIRE Amador-El Dorado Unit,,El Dorado,off Storksbill Rd in Pilot Hill ,50.0,100.0,,"CAL FIRE Amador-El Dorado Unit, El Dorado Hills Fire, El Dorado County Fire, El Dorado County Sheriffs, BLM, State Parks, USFS, Garden Valley, CHP, Cameron Park Fire Deparment",-121.00299,38.79549,,f273dffb-e1eb-48dc-b0f9-908857e78095,https://www.fire.ca.gov/incidents/2016/7/22/storksbill-fire/,2016-07-23T18:00:00Z,2016-07-23,2016-07-22,N,True,False,,,,,,24.8,0.0,22.0,18.5,2.5
Emerald Fire,Y,2016-10-17T11:45:00Z,2016-10-14T01:28:00Z,CAL FIRE Amador- El Dorado Unit / USFS El Dorado National Forest / Lake Valley Fire,,El Dorado,"off Highway 89, near Cascade Lake and Emerald Bay.",176.0,100.0,Highway 89 is estimated to re-open today at noon.  Traffic will be metered through the fire area by Caltrans.  The Highway will be subject to future closure as repair work and tree removal continues and debris is removed from the highway. ,"CAL FIRE Amador- El Dorado Unit / USFS El Dorado National Forest / Lake Valley Fire, CAL FIRE, USFS, Lake Valley, Meeks Bay Fire, South Lake Tahoe Fire, El Dorado Sheriffs, SLT PD, CHP, State Parks, CALTrans, Fallen Leaf Lake Fire, North Tahoe Fire, Liberty Utilities",-120.10744,38.93449,,81ef7517-ab3c-4d1a-8ddd-b5d69404676f,https://www.fire.ca.gov/incidents/2016/10/14/emerald-fire/,2016-10-17T11:45:00Z,2016-10-17,2016-10-14,N,True,False,,,,,,12.1,22.6,83.0,15.3,3.2
Aukum Fire,Y,2016-06-04T15:30:00Z,2016-06-03T12:41:00Z,CAL FIRE Amador El-Dorado,,El Dorado,off Mount Aukum Road & Grizzly Flat Road,25.0,100.0,Mount Aukum Road closed from 4 corners to Tiger's Eye.,CAL FIRE Amador El-Dorado,-120.6955,38.64107,,f2b5faf1-9ff0-48b7-8151-25880262bec1,https://www.fire.ca.gov/incidents/2016/6/3/aukum-fire/,2016-06-04T15:30:00Z,2016-06-04,2016-06-03,N,True,False,,,,,,25.9,0.0,23.0,16.4,2.4
Kyburz Fire,Y,2013-07-11T18:30:00Z,2013-07-08T12:45:00Z,Eldorado National Forest,,El Dorado,"Off Hwy 50 at 30 Mile Tract, Kyburz",572.0,100.0,,Eldorado National Forest,-120.298,38.774,,d778a3f0-2d23-43c1-b9bc-1ea33898fab2,https://www.fire.ca.gov/incidents/2013/7/8/kyburz-fire/,2013-07-11T18:30:00Z,2013-07-11,2013-07-08,N,False,False,,,,,,25.1,0.0,29.0,20.0,2.8
Axel Fire,Y,2018-01-09T11:50:00Z,2017-07-08T16:38:00Z,CAL FIRE Amador-El Dorado Unit,,El Dorado,"Axel Ct & Barrister Ct, Rescue",74.0,100.0,none,"CAL FIRE Amador-El Dorado Unit, USFS, Garden Valley Fire, Sacramento Metro Fire, El Dorado County Fire, El Dorado Hills Fire, Georgetown Fire, EDSO, BLM",-120.97111,38.7803,,f75027cb-2526-4524-989f-71d0d56353ec,https://www.fire.ca.gov/incidents/2017/7/8/axel-fire/,2018-01-09T11:50:00Z,2018-01-09,2017-07-08,N,True,False,,,,,,29.4,0.0,21.0,19.3,2.3
Meyers Fire,Y,2019-10-25T10:18:56Z,2018-09-20T12:39:00Z,"CAL FIRE Amador, El Dorado Unit",,El Dorado,Meyers Rd in Camino,12.0,100.0,,"CAL FIRE Amador, El Dorado Unit",-120.65672,38.7448,Wildfire,9ea41d38-ee7c-4394-9ea8-cbf33e788f13,https://www.fire.ca.gov/incidents/2018/9/20/meyers-fire/,2019-01-04T09:03:00Z,2019-01-04,2018-09-20,N,True,False,,,,,,21.8,0.0,29.0,17.8,2.4
Sliger Fire,Y,2019-01-04T09:09:00Z,2018-09-04T15:03:00Z,CAL FIRE Amador-El Dorado Unit,,El Dorado,"Sliger Mine Rd and Hida Way, northwest of Georgetown",150.0,100.0,All road closures have been lifted.,"CAL FIRE Amador-El Dorado Unit, El Dorado County Sheriffs Office, CHP, State Parks, USFS, Georgetown FD, El Dorado FD, Garden Valley FD, Mosquito FD, Diamond Springs FD, Rescue FD, Pioneer FD",-120.92611,38.94388,,94e0a869-04f6-4265-9c1f-c53fbdde98ad,https://www.fire.ca.gov/incidents/2018/9/4/sliger-fire/,2019-01-04T09:09:00Z,2019-01-04,2018-09-04,N,True,False,,,,,,26.1,0.0,28.0,19.8,2.5
Silver Fire,Y,2024-08-12T23:13:12Z,2024-08-07T14:07:52Z,CAL FIRE Amador-El Dorado Unit,,El Dorado,"2300 Block of Green Valley Road, Green Springs Ranch",41.0,100.0,,,-121.020844,38.7027118,Wildfire,8a183a23-b0ac-4edc-9892-821b96b40597,https://www.fire.ca.gov/incidents/2024/8/7/silver-fire/,,,2024-08-07,N,True,False,,,,,,31.9,0.0,18.0,25.0,3.0
Ranch Fire,Y,2018-01-09T12:06:00Z,2017-07-26T13:58:00Z,CAL FIRE Amador - El Dorado Unit,,El Dorado,"Ranch Camp Rd, Mt. Aukum",140.0,100.0,,"CAL FIRE Amador - El Dorado Unit, El Dorado County Fire, Amador Fire Protection District",-120.70013,38.559707,,2fd950a8-fadb-467c-ab59-88e7ea007738,https://www.fire.ca.gov/incidents/2017/7/26/ranch-fire/,2018-01-09T12:06:00Z,2018-01-09,2017-07-26,N,True,False,,,,,,25.9,0.0,31.0,19.5,2.3
Woodland Fire,Y,2018-01-09T12:06:00Z,2017-07-25T14:13:00Z,CAL FIRE Amador-El Dorado Unit,,El Dorado,"Woodland Court, Community of Oak Hill",13.0,100.0,,CAL FIRE Amador-El Dorado Unit,-120.73757,38.69775,,855e28e2-753b-4c36-bf39-27ace518776d,https://www.fire.ca.gov/incidents/2017/7/25/woodland-fire/,2018-01-09T12:06:00Z,2018-01-09,2017-07-25,N,True,False,,,,,,25.4,0.0,31.0,19.5,2.4
Largo Fire,Y,2018-01-09T12:14:00Z,2017-07-30T01:45:00Z,CAL FIRE Amador-El Dorado Unit,,El Dorado,"South Shingle Rd at Michigan Bar Rd, northeast of Rancho Murieta",236.0,100.0,,CAL FIRE Amador-El Dorado Unit,-121.039267,38.538332,,fd0a69a3-91d5-422b-bab4-dc6a4b0de134,https://www.fire.ca.gov/incidents/2017/7/30/largo-fire/,2018-01-09T12:14:00Z,2018-01-09,2017-07-30,N,True,False,,,,,,27.9,0.0,25.0,19.8,2.4
Equestrian Fire,Y,2021-06-16T17:08:03Z,2021-06-16T14:03:42Z,CAL FIRE Amador-El Dorado Unit,,El Dorado,"Equestrian Way and Square Nail Trail, south of Pilot Hill",10.0,100.0,,,-121.01273,38.79988,Wildfire,26ec9c89-912e-4c23-a6c9-04b5dcb31970,https://www.fire.ca.gov/incidents/2021/6/16/equestrian-fire/,2021-06-16T17:07:52Z,2021-06-16,2021-06-16,N,True,False,,,,,,28.0,0.0,26.0,18.2,2.3
Settlers Fire,Y,2021-05-21T12:59:28Z,2021-05-19T14:56:00Z,CAL FIRE Amador El Dorado Unit,,El Dorado,"Settlers Trail, East of Latrobe",45.0,100.0,,,-121.01365,38.56101,,aefbc94c-63b5-4767-aa12-a8bc8ed80d87,https://www.fire.ca.gov/incidents/2021/5/19/settlers-fire/,2021-05-21T12:59:21Z,2021-05-21,2021-05-19,N,True,False,,,,,,17.0,0.0,42.0,16.1,3.5
Cable Fire ,N,2022-07-28T19:58:43Z,2022-07-26T16:24:00Z,CAL FIRE Amador-El Dorado Unit ,,El Dorado,"Cable Road & Badger Hill, west of Pollock Pines ",20.0,100.0,,"US Forest Service, Cameron Park Fire Department, Diamond Springs-El Dorado Fire Protection District, Georgetown Fire Department",-120.63742,38.75794,Wildfire,d3415864-268a-4304-ac6a-02714a23f2cb,https://www.fire.ca.gov/incidents/2022/7/26/cable-fire/,2022-07-28T19:30:24Z,2022-07-28,2022-07-26,N,True,False,,,,,,27.1,0.0,31.0,21.2,1.9
Moccasin Fire,Y,2024-07-07T21:34:54Z,2024-07-02T15:40:31Z,CAL FIRE Amador-El Dorado Unit,,El Dorado,"Moccasin Trail, West of Somerset",51.0,100.0,,,-120.774929,38.63826,Wildfire,b5803b5d-30ac-4638-8be4-b29eb4386d6d,https://www.fire.ca.gov/incidents/2024/7/2/moccasin-fire/,,,2024-07-02,N,True,False,,,,,,32.6,0.0,25.0,22.7,2.7
Sophia Fire,Y,2020-08-02T09:12:41Z,2020-08-02T09:12:41Z,CAL FIRE Amador-El Dorado Unit,,El Dorado,Sophia Park Way and Alexandra Dr near El Dorado Hills in El Dorado County. ,36.0,100.0,,,-121.103299,38.686478,Wildfire,dddf569c-7540-4822-8bf4-bd15d5c4473e,https://www.fire.ca.gov/incidents/2020/8/2/sophia-fire/,2020-08-02T09:11:00Z,2020-08-02,2020-08-02,N,True,False,,,,,,31.6,0.0,30.0,21.2,2.6
Cronan Fire ,Y,2020-06-10T18:11:53Z,2020-06-09T14:35:25Z,CAL FIRE Amador-El Dorado Unit,,El Dorado,"at Cronan Ranch off of Pedro Hill, near the community of Pilot Hill",29.0,100.0,,,-120.988571,38.827755,Wildfire,d77e9eeb-a4ed-41b8-adff-9dd99aac5971,https://www.fire.ca.gov/incidents/2020/6/9/cronan-fire/,,,2020-06-09,N,True,False,,,,,,21.2,0.0,39.0,16.0,2.3
Cascade Fire,Y,2014-09-25T07:27:00Z,2014-09-25T18:00:00Z,US Forest Service - Lake Tahoe Basin Management Unit,,El Dorado,"Desolation Wilderness, 8 miles west of South Lake Tahoe",20.0,100.0,,US Forest Service - Lake Tahoe Basin Management Unit,-120.1140659,38.9195001,,0b2d503c-7bd5-45e7-b029-61306ae6e7c0,https://www.fire.ca.gov/incidents/2014/9/25/cascade-fire/,2014-09-25T07:27:00Z,2014-09-25,2014-09-25,N,False,False,,,,,,12.8,13.9,83.0,17.7,1.7
Salmon Fire,Y,2021-05-12T22:17:49Z,2021-05-01T21:02:48Z,CAL FIRE Amador-El Dorado Unit,,El Dorado,"Salmon Falls Road at the American River, North East of El Dorado Hills in El Dorado County.",32.0,100.0,"Firefighters worked throughout the night and as of this morning have achieved 40% containment. The focus today is to strengthen containment lines and mop up hot spots. With the help of firefighters from CAL FIRE - Santa Clara Unit, it is anticipated that crews will make good progress toward full containment today.",,-121.034998,38.773294,Wildfire,63892d1b-fd0d-4120-be74-242857e211ee,https://www.fire.ca.gov/incidents/2021/5/1/salmon-fire/,,,2021-05-01,N,True,False,,,,,,20.3,0.0,46.0,13.7,2.6
Creek Fire,Y,2024-07-01T18:37:17Z,2024-06-29T15:22:59Z,CAL FIRE Amador-El Dorado Unit,,El Dorado,"Coon Creek Road and Owl Creek Road, Greenwood",16.0,100.0,,,-120.930485,38.895723,Wildfire,86c8ff02-a1bd-4de9-80d6-a6cfefa224eb,https://www.fire.ca.gov/incidents/2024/6/29/creek-fire/,2024-07-01T18:37:03Z,2024-07-01,2024-06-29,N,True,False,,,,,,28.6,0.0,34.0,22.0,2.3
Irene Fire,Y,2014-09-17T18:45:00Z,2014-09-14T09:15:00Z,US Forest Service - El Dorado National Forest,,El Dorado,Mokelumne Wilderness,94.0,100.0,,US Forest Service - El Dorado National Forest,-120.028,38.59,,7e60b4f7-8497-4155-9879-a3198b2ce696,https://www.fire.ca.gov/incidents/2014/9/14/irene-fire/,2014-09-17T18:45:00Z,2014-09-17,2014-09-14,N,False,False,,,,,,25.9,0.0,23.0,17.8,3.1
King Fire,Y,2014-10-09T17:20:00Z,2014-09-13T16:32:00Z,CAL FIRE / USFS - El Dorado National Forest,,El Dorado,Near Pollock Pines,97717.0,100.0,,"CAL FIRE / USFS - El Dorado National Forest, CHP, Red Cross, Cal OES, El Dorado Irrigation District, Sacramento Municipal Utility District, Sierra Pacific Industries, PG&E, Placer County Water Agency, Placer County Sheriffs, California Conservation Corps and El Dorado County Animal Services.",-120.629714,38.805437,,3df6ecf7-f095-483d-b1c4-2dc969d61261,https://www.fire.ca.gov/incidents/2014/9/13/king-fire/,2014-10-09T17:20:00Z,2014-10-09,2014-09-13,N,True,False,,,,,,26.6,0.0,19.0,17.9,3.0
Fork Fire,Y,2020-11-09T17:48:59Z,2020-09-08T13:03:25Z,,,El Dorado,"South Fork Road and Trail View, northeast of Pollock Pines in El Dorado County. ",,,,Eldorado National Forest,-120.394,38.99,Wildfire,1e437685-8470-4dd5-bf6c-54e75143d36a,https://www.fire.ca.gov/incidents/2020/9/8/fork-fire/,2020-11-09T17:48:00Z,2020-11-09,2020-09-08,N,False,False,,,,,,30.9,0.0,15.0,21.5,4.0
